id,conversation_id,created_at,date,time,timezone,user_id,username,name,place,tweet,language,mentions,urls,photos,replies_count,retweets_count,likes_count,hashtags,cashtags,link,retweet,quote_url,video,thumbnail,near,geo,source,user_rt_id,user_rt,retweet_id,reply_to,retweet_date,translate,trans_src,trans_dest
1465829459202822147,1465829459202822147,2021-11-30 18:45:51 EST,2021-11-30,18:45:51,-0400,1438026142947188736,dwhitmanbtc,Richard ‚ÄúDick‚Äù Whitman ‚àû/21M üá∫üá∏,,Michael @Saylor talks with Tucker Carlson about how #Bitcoin is money that respects the laws of thermodynamics.  https://t.co/zQIiAYfDGz,en,"[{'screen_name': 'saylor', 'name': 'michael saylor‚ö°Ô∏è', 'id': '244647486'}]",[],[],159,2161,8414,['bitcoin'],[],https://twitter.com/DWhitmanBTC/status/1465829459202822147,False,,1,https://pbs.twimg.com/ext_tw_video_thumb/1465828633688301577/pu/img/HJwAvcoFUt6at3B6.jpg,,,,,,,[],,,,
1465823531111829504,1465823531111829504,2021-11-30 18:22:18 EST,2021-11-30,18:22:18,-0400,19721574,gladstein,Alex Gladstein üåã ‚ö°,,"Ok Bitcoin critic, what‚Äôs your alternative?  Minimum requirements:  üåç Works anywhere ‚ö°Ô∏è Teleports instantly üóΩ Neutral/open-source üö´ No corporate control üìà Increases user purchasing power üîê Easy/cheap to audit/self-custody/transact/verify ‚ôªÔ∏è Runs on ‚òÄÔ∏è üåä ‚ò¢Ô∏è üåã  We‚Äôll wait ‚è≥",en,[],[],[],171,404,2095,[],[],https://twitter.com/gladstein/status/1465823531111829504,False,,0,,,,,,,,[],,,,
1465816387063009284,1465816387063009284,2021-11-30 17:53:54 EST,2021-11-30,17:53:54,-0400,361289499,bitcoinmagazine,Bitcoin Magazine,,JUST IN - Fidelity to launch a spot #bitcoin ETF in Canada  https://t.co/OfOlQLDTqp,en,[],[],['https://pbs.twimg.com/media/FFegPFgWYAMnBgQ.jpg'],145,490,3002,['bitcoin'],[],https://twitter.com/BitcoinMagazine/status/1465816387063009284,False,,1,https://pbs.twimg.com/media/FFegPFgWYAMnBgQ.jpg,,,,,,,[],,,,
1465814645650903043,1465814645650903043,2021-11-30 17:46:59 EST,2021-11-30,17:46:59,-0400,970994516357472257,btc_archive,Bitcoin Archive üóÑüöÄüåî,,üí•BREAKING: Fidelity is launching a spot #Bitcoin ETF in Canada this week!  HUGE!   c:@EricBalchunas,en,"[{'screen_name': 'ericbalchunas', 'name': 'eric balchunas', 'id': '149571760'}]",[],[],274,1074,7464,['bitcoin'],[],https://twitter.com/BTC_Archive/status/1465814645650903043,False,,0,,,,,,,,[],,,,
1465810596239138817,1465810596239138817,2021-11-30 17:30:54 EST,2021-11-30,17:30:54,-0400,31139034,neiljacobs,Neil Jacobs,,"If you‚Äôre a bitcoin maxi,   1. Drop a lightning invoice in the replies for 1,000 sats AND   2. Tell me your favorite bitcoin maxi on Twitter!  3. Retweet and Like this tweet!  I‚Äôll send some of you degenerate, toxic maxis some sats!  #bitcoin",en,[],[],[],280,210,496,['bitcoin'],[],https://twitter.com/NeilJacobs/status/1465810596239138817,False,,0,,,,,,,,[],,,,
1465809802853036049,1465809802853036049,2021-11-30 17:27:45 EST,2021-11-30,17:27:45,-0400,20736511,nayibbukele,Nayib Bukele,,"Dice el pr√≥fugo, referente de la oposici√≥n y ahora ciudadano nicarag√ºense, que la pr√≥xima marcha ya no ser√° contra el #Bitcoin, sino que van a dar nuevas camisetas y ahora ser√° en defensa de la ‚Äúinstitucionalidad democr√°tica‚Äù que ha sido ‚Äúmancillada‚Äù por m√≠ ü•≤",es,[],[],[],558,726,4442,['bitcoin'],[],https://twitter.com/nayibbukele/status/1465809802853036049,False,https://twitter.com/FunesCartagena/status/1465667289940959237,0,,,,,,,,[],,,,
1465809288245485570,1465809288245485570,2021-11-30 17:25:42 EST,2021-11-30,17:25:42,-0400,149571760,ericbalchunas,Eric Balchunas,,SEMI-SHOCK: Fidelity launching a spot bitcoin ETF in Canada this week. Didn't know about this. Will easily be the biggest asset manager to date with a bitcoin ETF.  https://t.co/H2XJRBY3O6,en,[],[],['https://pbs.twimg.com/media/FFeZwudWQAoHMJ5.png'],250,1495,7120,[],[],https://twitter.com/EricBalchunas/status/1465809288245485570,False,,1,https://pbs.twimg.com/media/FFeZwudWQAoHMJ5.png,,,,,,,[],,,,
1465807770322677767,1465807770322677767,2021-11-30 17:19:40 EST,2021-11-30,17:19:40,-0400,2259434528,cobie,Cobie,,There are bitcoin maxis trying to cancel @RealRossU for selling NFTs to raise money to charity for people incarcerated.  One tweet say ‚Äúway to lose your fanbase‚Äù.  This man is in jail for life and did more for bitcoin than all of the laser eye cult combined.  Bidding Ross NFTs.,en,"[{'screen_name': 'realrossu', 'name': 'ross ulbricht', 'id': '1012848315744993280'}]",[],[],266,600,5842,[],[],https://twitter.com/cobie/status/1465807770322677767,False,,0,,,,,,,,[],,,,
1465807076957904898,1465807076957904898,2021-11-30 17:16:55 EST,2021-11-30,17:16:55,-0400,1154583446750027777,mrcuchilla,Mr.Cuchilla,,"Los 4 tuiteros m√°s mencionados, queridos y m√°s populares de #TwiterSV son.   @otiliafuentes   @ce12GUILLERMO   @HiramAbiParvaim   @Jaguar83mancia   Vote,  compartan y el ganador se llevar√° 100 d√≥lares en #Bitcoin v√≠a Chivo Wallet",es,"[{'screen_name': 'otiliafuentes', 'name': 'otilia fuentes.', 'id': '415926906'}, {'screen_name': 'jaguar83mancia', 'name': 'mancia', 'id': '1317109881363664901'}]",[],[],111,168,308,"['twitersv', 'bitcoin']",[],https://twitter.com/MrCuchilla/status/1465807076957904898,False,,0,,,,,,,,[],,,,
1465805538206253056,1465805538206253056,2021-11-30 17:10:48 EST,2021-11-30,17:10:48,-0400,2856228978,secretsofcrypto,Secrets,,"#Ethereum is continuing to outperform #Bitcoin. ETH/BTC printed a big green candle today and remember it's basically the #altseason chart. When ETH/BTC breaks out, watch out, it will be totally nuts for #altcoins.",en,[],[],[],207,437,2613,"['ethereum', 'bitcoin', 'altseason', 'altcoins']",[],https://twitter.com/SecretsOfCrypto/status/1465805538206253056,False,,0,,,,,,,,[],,,,
1465802250182348801,1465802250182348801,2021-11-30 16:57:44 EST,2021-11-30,16:57:44,-0400,361289499,bitcoinmagazine,Bitcoin Magazine,,#Bitcoin was first referenced on TV when it was $3.  ‚ÄúIt‚Äôs the future.‚Äù  https://t.co/YHyIUmO192,en,[],[],[],173,850,3205,['bitcoin'],[],https://twitter.com/BitcoinMagazine/status/1465802250182348801,False,,1,https://pbs.twimg.com/ext_tw_video_thumb/1465802144343367680/pu/img/_ay1ZK6m7sZrvENM.jpg,,,,,,,[],,,,
1465801711705075722,1465801711705075722,2021-11-30 16:55:36 EST,2021-11-30,16:55:36,-0400,50026664,bleepincomputer,BleepingComputer,,"Scoop: FBI seized $2.2 million in bitcoin from a wallet owned by 'Lalartu,' a well-known REvil and GandCrab ransomware affiliate.  https://t.co/B60GMOl0lz",en,[],['https://www.bleepingcomputer.com/news/security/fbi-seized-22m-from-affiliate-of-revil-gandcrab-ransomware-gangs/'],[],10,140,327,[],[],https://twitter.com/BleepinComputer/status/1465801711705075722,False,,0,,,,,,,,[],,,,
1465797847853453319,1465797847853453319,2021-11-30 16:40:14 EST,2021-11-30,16:40:14,-0400,2373682811,zackvoell,Zack Voell,,Ross Ulbricht (the Silk Road founder who's serving two life sentences plus 40 years) is having an NFT sale to raise money. And Bitcoin maximalists are vilifying him.   You brainlets have lost the fucking plot.,en,[],[],[],121,292,3561,[],[],https://twitter.com/zackvoell/status/1465797847853453319,False,,0,,,,,,,,[],,,,
1465797038440779776,1465797038440779776,2021-11-30 16:37:01 EST,2021-11-30,16:37:01,-0400,30325257,thecryptolark,Lark Davis,,"Zuck is optmistic on #crypto and web 3.   Dude, just have FB buy a billion in #bitcoin already!  https://t.co/Dtml53XHAT",en,[],[],[],203,276,1911,"['crypto', 'bitcoin']",[],https://twitter.com/TheCryptoLark/status/1465797038440779776,False,,1,https://pbs.twimg.com/ext_tw_video_thumb/1465796803144470530/pu/img/qYc6JouFXDNZEGzU.jpg,,,,,,,[],,,,
1465796274574217225,1465796274574217225,2021-11-30 16:33:59 EST,2021-11-30,16:33:59,-0400,1191416292454096896,bcbacker,Blockchain Backer,,"As discussed in today's videos, at the end of the 2013 &amp; 2017 Bitcoin Bull Runs, we saw this same phenomenon occur as we are seeing in 2021.  If this level is to hold, like in 2013 and 2017, we could see the most epic of bull runs for the altcoin market, as we did in those years.  https://t.co/6wUxOiyBKk",en,[],[],['https://pbs.twimg.com/media/FFeNiLSWQBAYVmH.png'],108,313,2246,[],[],https://twitter.com/BCBacker/status/1465796274574217225,False,,1,https://pbs.twimg.com/media/FFeNiLSWQBAYVmH.png,,,,,,,[],,,,
1465794109914812426,1465794109914812426,2021-11-30 16:25:23 EST,2021-11-30,16:25:23,-0400,1626294277,spectatorindex,The Spectator Index,,"Currency against US Dollar, 2021.   Bitcoin: +98% China: +2.1%  Russia: -0.3% Canada: -0.3% Indonesia: -2% UK: -2.6% India: -2.8% Euro: -7.1% Australia: -7.5% Mexico: -7.7% South Africa: -7.9% Brazil: -8.2% S Korea: -8.5% Japan: -9.4% Pakistan: -10% Argentina: -20% Turkey: -83%",in,[],[],[],104,1718,5638,[],[],https://twitter.com/spectatorindex/status/1465794109914812426,False,,0,,,,,,,,[],,,,
1465775981810049041,1465775981810049041,2021-11-30 15:13:21 EST,2021-11-30,15:13:21,-0400,970994516357472257,btc_archive,Bitcoin Archive üóÑüöÄüåî,,Thousands of banks will give their customers direct access to #Bitcoin in next 12 months   - NYDIG  c:@Blockworks_,en,"[{'screen_name': 'blockworks_', 'name': 'blockworks', 'id': '989912836901089282'}]",[],[],145,513,3961,['bitcoin'],[],https://twitter.com/BTC_Archive/status/1465775981810049041,False,,0,,,,,,,,[],,,,
1465768672836952072,1465768672836952072,2021-11-30 14:44:18 EST,2021-11-30,14:44:18,-0400,361289499,bitcoinmagazine,Bitcoin Magazine,,#Bitcoin is ‚Äúthe inevitable future of money.‚Äù - $10 billion deVere Group founder  https://t.co/qRDdyOIqUz,en,[],[],['https://pbs.twimg.com/media/FFd0037XoAYimT_.jpg'],243,445,2709,['bitcoin'],[],https://twitter.com/BitcoinMagazine/status/1465768672836952072,False,,1,https://pbs.twimg.com/media/FFd0037XoAYimT_.jpg,,,,,,,[],,,,
1465766158943014923,1465766158943014923,2021-11-30 14:34:19 EST,2021-11-30,14:34:19,-0400,20736511,nayibbukele,Nayib Bukele,,Pero ellos dicen que ‚Äúnunca han estado en contra del #Bitcoin‚Äù üòÇ  https://t.co/1HGmTuaRMY,es,[],[],"['https://pbs.twimg.com/media/FFdyjPyWQBEyeNd.jpg', 'https://pbs.twimg.com/media/FFdyjPyWUAoNUcN.jpg', 'https://pbs.twimg.com/media/FFdyjPzXMAA5Izk.jpg', 'https://pbs.twimg.com/media/FFdyjPzXsAA-Z4b.jpg']",550,1091,7258,['bitcoin'],[],https://twitter.com/nayibbukele/status/1465766158943014923,False,,1,https://pbs.twimg.com/media/FFdyjPyWQBEyeNd.jpg,,,,,,,[],,,,
1465758345768353799,1465758345768353799,2021-11-30 14:03:16 EST,2021-11-30,14:03:16,-0400,77545812,poisonbox91,PoisonBox üé¢,,"Si mi cartera de #METAMASK @MetaMask  llega a $70,000 usdt ( tiene potencial ) regalar√© $2,000 usd a todo el que de LIKE y RETWIT !  #Bitcoin #altcoin  üî•üî•üî•üî•  https://t.co/4JE1i0hLab",es,"[{'screen_name': 'metamask', 'name': 'metamask ü¶äüíô', 'id': '3278906401'}]",[],['https://pbs.twimg.com/media/FFdrcl3XMAMP2BX.jpg'],102,1013,1533,"['metamask', 'bitcoin', 'altcoin']",[],https://twitter.com/Poisonbox91/status/1465758345768353799,False,,1,https://pbs.twimg.com/media/FFdrcl3XMAMP2BX.jpg,,,,,,,[],,,,
1465833005583409162,1465833005583409162,2021-11-30 18:59:57 EST,2021-11-30,18:59:57,-0400,324896201,geekigai,Jonas ‚Çøuyers‚ö°ü•© ‚àû/2099999997690000,,"Here's the full discussion between @TuckerCarlson &amp; @saylor on #Bitcoin. This is a must-watch for Precoiners, Newcoiners, &amp; Bitcoiners alike!  https://t.co/UWAYU8b3pX",en,"[{'screen_name': 'tuckercarlson', 'name': 'tucker carlson', 'id': '22703645'}, {'screen_name': 'saylor', 'name': 'michael saylor‚ö°Ô∏è', 'id': '244647486'}]",['https://www.bitchute.com/video/rUiqtHqvlwiF/'],[],0,2,2,['bitcoin'],[],https://twitter.com/geekigai/status/1465833005583409162,False,,0,,,,,,,,[],,,,
1465832800255459331,1465802250182348801,2021-11-30 18:59:08 EST,2021-11-30,18:59:08,-0400,14267253,dickmoonpie,dickmoonpie,,"@BitcoinMagazine ""Real is going to change!"" Prophetic words! #Bitcoin #DigitalMoney",en,[],[],[],1,0,1,"['bitcoin', 'digitalmoney']",[],https://twitter.com/dickmoonpie/status/1465832800255459331,False,,0,,,,,,,,"[{'screen_name': 'BitcoinMagazine', 'name': 'Bitcoin Magazine', 'id': '361289499'}]",,,,
1465832727106752514,1465832061655142400,2021-11-30 18:58:50 EST,2021-11-30,18:58:50,-0400,972127613987717126,fernand51301913,Fernando Reis,,@LordFusitua Soon #Bitcoin as legal tender there.,en,[],[],[],2,1,4,['bitcoin'],[],https://twitter.com/Fernand51301913/status/1465832727106752514,False,,0,,,,,,,,"[{'screen_name': 'LordFusitua', 'name': ""Lord Fusitu'a"", 'id': '36624001'}]",,,,
1465832703903907842,1465832703903907842,2021-11-30 18:58:45 EST,2021-11-30,18:58:45,-0400,1463120606241697797,ghostlimburg3rt,GHOST of WARTIME Limburg3rt,,RT @ck_SNARKs@bitcoinhackers.org Bitcoin = uncompromisable  --- RT thekylefree Media = compromised  Science = compromised Medicine = compromised  Education = compromised  Politicians = compromised  Free Speech = compromised  Public Health = compromised  Entertainment = (1/2),en,[],[],[],1,1,2,[],[],https://twitter.com/GhostLimburg3rt/status/1465832703903907842,False,,0,,,,,,,,[],,,,
1465832669321826306,1465825186788298757,2021-11-30 18:58:36 EST,2021-11-30,18:58:36,-0400,1045236642951430144,lorobinson8053,Louis Robinson,,@phoenixblockchn @Phoenix_Crypto_ Best investment I ever made! CPHX and the Phoenix Network are going to shock the Crypto world. At least I know I won't be late. $CPHX #WeBurnWeRise #cryptotrading #Crypto #Bitcoin #ETH #nftart #SHIB #EFT #cryptocurrency #NFTs #Ethereum #Airdrops  https://t.co/a1FWoqYuPa,en,[],[],['https://pbs.twimg.com/media/FFevC3qXwAUtm3D.jpg'],0,9,14,"['weburnwerise', 'cryptotrading', 'crypto', 'bitcoin', 'eth', 'nftart', 'shib', 'eft', 'cryptocurrency', 'nfts', 'ethereum', 'airdrops']",['cphx'],https://twitter.com/lorobinson8053/status/1465832669321826306,False,,1,https://pbs.twimg.com/media/FFevC3qXwAUtm3D.jpg,,,,,,,"[{'screen_name': 'phoenixblockchn', 'name': 'Phoenix Blockchain', 'id': '1461731585632440326'}, {'screen_name': 'Phoenix_Crypto_', 'name': 'Crypto Phoenix', 'id': '1407115649160253447'}]",,,,
1465832656722018306,1465801612908281861,2021-11-30 18:58:33 EST,2021-11-30,18:58:33,-0400,1446370300333940736,vegas_glo,Vegas Glo üöÄüçäüåã,,"@stacyherbert @maxkeiser I‚Äôd love to go, I would also love Max to do some pole dancing to the soundtrack of the orange pill podcast #Bitcoin",en,[],[],[],1,1,3,['bitcoin'],[],https://twitter.com/vegas_glo/status/1465832656722018306,False,,0,,,,,,,,"[{'screen_name': 'stacyherbert', 'name': 'Stacy Herbert üá∏üáª', 'id': '19062153'}, {'screen_name': 'maxkeiser', 'name': 'Maxüíôüá∏üáª', 'id': '20374262'}]",,,,
1465832624870592517,1465832624870592517,2021-11-30 18:58:26 EST,2021-11-30,18:58:26,-0400,1316687946813186048,etfhearsay,ETF Hearsay by Henry Jim,,2 crypto yield ETFs listed in Canada today (filed Oct 19):  Purpose Bitcoin Yield ETF $BTCY Purpose Ether Yield ETF $ETHY   https://t.co/jjKrdQvZl5  https://t.co/MCtdIhe2Zg  #BTC #Ethereum @bitcoinetf @cryptocom @PurposeInvest @vladtasevski,en,"[{'screen_name': 'bitcoinetf', 'name': 'bitcoinetf', 'id': '2305737018'}, {'screen_name': 'cryptocom', 'name': 'crypto.com', 'id': '864347902029709314'}, {'screen_name': 'purposeinvest', 'name': 'purpose investments', 'id': '1042781042'}, {'screen_name': 'vladtasevski', 'name': 'vlad tasevski üá∫üá¶', 'id': '2576647870'}]","['https://www.purposeinvest.com/funds/purpose-ether-yield-etf', 'https://www.purposeinvest.com/funds/purpose-bitcoin-yield-etf']",[],0,2,5,"['btc', 'ethereum']","['btcy', 'ethy']",https://twitter.com/EtfHearsay/status/1465832624870592517,False,https://twitter.com/EtfHearsay/status/1450566948929118208,0,,,,,,,,[],,,,
1465832605983510530,1465832605983510530,2021-11-30 18:58:21 EST,2021-11-30,18:58:21,-0400,15764581,alongoren,Alon Goren·¥≥·¥π,,"Fun session on @AmericaTrendsTV just now although I should‚Äôve probably shaved and looked more presentable lol  I talked taking profits in #tezos #bitcoin&amp; #ethereum‚Ä¶mainstream adoption, NFTs, etc‚Ä¶  Name dropped @BoringStoneNFT @decentraland @CryptoStache @CryptoWendyO &amp; more!",en,"[{'screen_name': 'boringstonenft', 'name': 'boringstonenft', 'id': '1444028863617683460'}, {'screen_name': 'decentraland', 'name': 'decentraland', 'id': '3291830170'}, {'screen_name': 'cryptostache', 'name': ""'stache"", 'id': '927327985409040384'}, {'screen_name': 'cryptowendyo', 'name': 'wendyo.eth ‚ú®attending bitcoin miami 2022', 'id': '935742315389444096'}]",[],[],3,2,11,"['tezos', 'bitcoin', 'ethereum']",[],https://twitter.com/AlonGoren/status/1465832605983510530,False,https://twitter.com/AlonGoren/status/1465828947162058760,0,,,,,,,,[],,,,
1465832491395203079,1465832491395203079,2021-11-30 18:57:54 EST,2021-11-30,18:57:54,-0400,1308840519234138114,dorainegenius,üÜòÔ∏è NFT DAILY DRIPüíß,,Bills and the @NFL are partnering to offer Bills fans limited digital commemorative tickets in the form of non-fungible tokens (NFTs). #Ethereum #bitcoin #cryptonews #NFTnews #NFT #NFTCommunity #NFTartists #nftcollector #nftgallery #NFTs #cryptoart #crypto  https://t.co/6Hvcl6aIq2,en,"[{'screen_name': 'nfl', 'name': 'nfl', 'id': '19426551'}]",[],['https://pbs.twimg.com/media/FFeu2lVWQAIhXdL.jpg'],2,1,4,"['ethereum', 'bitcoin', 'cryptonews', 'nftnews', 'nft', 'nftcommunity', 'nftartists', 'nftcollector', 'nftgallery', 'nfts', 'cryptoart', 'crypto']",[],https://twitter.com/DoraineGenius/status/1465832491395203079,False,,1,https://pbs.twimg.com/media/FFeu2lVWQAIhXdL.jpg,,,,,,,[],,,,
1465832381127041030,1465832381127041030,2021-11-30 18:57:28 EST,2021-11-30,18:57:28,-0400,1413269877788393472,cryptohawkai,CryptoHawk AI,,The cryptocurrency market thrives on speculation. Not anymore with CryptoHawk AI.  Our AI technology can be used for price prediction and better decision-making.  Follow us for insights on our AI-powered Crypto Trading platform.   #Crypto #CryptoInvesting #Bitcoin #Etherium #BTC  https://t.co/6CAVRuRgD8,en,[],[],['https://pbs.twimg.com/media/FFeutrxXwAEnrFR.png'],1,4,11,"['crypto', 'cryptoinvesting', 'bitcoin', 'etherium', 'btc']",[],https://twitter.com/cryptohawkai/status/1465832381127041030,False,,1,https://pbs.twimg.com/media/FFeutrxXwAEnrFR.png,,,,,,,[],,,,
1465832250168295433,1465832250168295433,2021-11-30 18:56:56 EST,2021-11-30,18:56:56,-0400,1309995013628030976,etherpillz,ùôÄùôèùôÉùôÄùôç ùôãùôÑùôáùôáùôï üëÖüíä,,ETHER PILLZ üëÖüíä  Niche NFT Clothing for The Metaverse ! ‚öóüß™üß™üß™üß™üß™ ‚¨áÔ∏è  https://t.co/2YTwpEQQkD   #nft #NFTLAUNCH #nftcollector #nftart #nfts #Collectables #bitcoin #crypto¬† @opensea #nftopensea #Clothing #leggings #model   https://t.co/Jjb0lq2oDc,en,"[{'screen_name': 'opensea', 'name': 'opensea', 'id': '946213559213555712'}]","['http://www.etherpillzstore.com', 'https://vm.tiktok.com/ZM8nBBH5c/']",[],1,4,7,"['nft', 'nftlaunch', 'nftcollector', 'nftart', 'nfts', 'collectables', 'bitcoin', 'crypto', 'nftopensea', 'clothing', 'leggings', 'model']",[],https://twitter.com/EtherPillz/status/1465832250168295433,False,,0,,,,,,,,[],,,,
1465832240114544651,1465832240114544651,2021-11-30 18:56:54 EST,2021-11-30,18:56:54,-0400,2377034803,binancekiller,"8,731-541üéØ (94.1%) / #1 CRYPTO SIGNALSüåé/ DM OPEN",,¬≠We have almost confirmed information about Fidelity launching a spot Bitcoin ETF in üá®üá¶ this week.  If confirmed this could push BTC up in a matter of minutes which would slightly increase BTC Market Dominance in the short term and prepare the rest of the market for a follow-up!,en,[],[],[],0,19,49,[],[],https://twitter.com/BinanceKiller/status/1465832240114544651,False,,0,,,,,,,,[],,,,
1465832149454569486,1465832149454569486,2021-11-30 18:56:32 EST,2021-11-30,18:56:32,-0400,1243242409636630530,rabbit_hole44,J. Clark,,Great Advice #Bitcoin  https://t.co/bZjUQ5Sn1a,en,[],[],[],0,0,1,['bitcoin'],[],https://twitter.com/rabbit_hole44/status/1465832149454569486,False,,1,https://pbs.twimg.com/ext_tw_video_thumb/1465832000020000776/pu/img/AmzXiHE3fmIIFidU.jpg,,,,,,,[],,,,
1465832038913781761,1465832038913781761,2021-11-30 18:56:06 EST,2021-11-30,18:56:06,-0400,91478624,forbes,Forbes,,CRYPTO ALERT: Serious Fed warning issued over #Bitcoin  https://t.co/0cakD509J7  https://t.co/l4J1Od7MIR,en,[],['https://trib.al/L2ay0o3'],['https://pbs.twimg.com/media/FFeueJ8XwAkeKaC.jpg'],18,30,72,['bitcoin'],[],https://twitter.com/Forbes/status/1465832038913781761,False,,1,https://pbs.twimg.com/media/FFeueJ8XwAkeKaC.jpg,,,,,,,[],,,,
1465831947616280578,1465831947616280578,2021-11-30 18:55:44 EST,2021-11-30,18:55:44,-0400,2385259090,mgranmiguel,Miguel M-G 3¬∫ ü¶Åüí¢,,Urbanizaciones #Cantabria #arquitectura #architecture #fotografia #Omicron #Bitcoin #COVID19 #SpiderMan #Spain #nature #medioambiente #urban  https://t.co/n1tZZNejMa,es,[],[],"['https://pbs.twimg.com/media/FFeuYMvWUAIG_XU.jpg', 'https://pbs.twimg.com/media/FFeuYZyXMAITBj8.jpg', 'https://pbs.twimg.com/media/FFeuYmRWQAQ289L.jpg', 'https://pbs.twimg.com/media/FFeuY0aWUAA5WU5.jpg']",1,1,1,"['cantabria', 'arquitectura', 'architecture', 'fotografia', 'omicron', 'bitcoin', 'covid19', 'spiderman', 'spain', 'nature', 'medioambiente', 'urban']",[],https://twitter.com/Mgranmiguel/status/1465831947616280578,False,,1,https://pbs.twimg.com/media/FFeuYMvWUAIG_XU.jpg,,,,,,,[],,,,
1465831936597938176,1465831936597938176,2021-11-30 18:55:42 EST,2021-11-30,18:55:42,-0400,92376011,garciabanchs,√Ångel Garc√≠a Banchs,,Breve nota peri√≥dica para recordarles que #Bitcoin y las cripto son un fraude.,es,[],[],[],128,115,370,['bitcoin'],[],https://twitter.com/garciabanchs/status/1465831936597938176,False,,0,,,,,,,,[],,,,
1465831885729415174,1465831885729415174,2021-11-30 18:55:30 EST,2021-11-30,18:55:30,-0400,1457329266648100864,d_nesvy,Nesvy,,New collage art to the collection:)  https://t.co/UqvaccTG6F via @opensea  #earth #Airplane  #patrol  #blockchain #Ethereum #Bitcoin #art  #graphicdesign #cryptocurrencies #NFTCommunity #NFT #nftcollector #nftart #NFTJapan #Graphic #collageart,en,"[{'screen_name': 'opensea', 'name': 'opensea', 'id': '946213559213555712'}]",['https://opensea.io/assets/matic/0x2953399124f0cbb46d2cbacd8a89cf0599974963/69204330500335367822346401262830696152770262892339092412894017623569693933569/'],[],0,1,2,"['earth', 'airplane', 'patrol', 'blockchain', 'ethereum', 'bitcoin', 'art', 'graphicdesign', 'cryptocurrencies', 'nftcommunity', 'nft', 'nftcollector', 'nftart', 'nftjapan', 'graphic', 'collageart']",[],https://twitter.com/d_nesvy/status/1465831885729415174,False,,0,,,,,,,,[],,,,
1465831859569500163,1465831859569500163,2021-11-30 18:55:23 EST,2021-11-30,18:55:23,-0400,888793161098813444,drex_jurassic,D-Rex ü¶ñ ‚ö°Ô∏è,,Bitcoin going up 30k in the next 5 minutes?,en,[],[],[],3,1,14,[],[],https://twitter.com/drex_jurassic/status/1465831859569500163,False,,0,,,,,,,,[],,,,
1465831827889922050,1465831827889922050,2021-11-30 18:55:16 EST,2021-11-30,18:55:16,-0400,1214198042854715392,chuckbuck__,Chuckbuck__,,I'm always saving the day #apex #apexlegends #entrepreneurship #valorant #holiday #microsoft #amazon #playapex #explore #timessquare #smallbussiness #crypto #newchallenge #motivation #new #newtrend #popular #bussiness #hollywood #pc #entrepreneur #bitcoin #upcoming #trending  https://t.co/KkB2XiLHyo,en,[],[],[],1,1,2,"['apex', 'apexlegends', 'entrepreneurship', 'valorant', 'holiday', 'microsoft', 'amazon', 'playapex', 'explore', 'timessquare', 'smallbussiness', 'crypto', 'newchallenge', 'motivation', 'new', 'newtrend', 'popular', 'bussiness', 'hollywood', 'pc', 'entrepreneur', 'bitcoin', 'upcoming', 'trending']",[],https://twitter.com/Chuckbuck__/status/1465831827889922050,False,,1,https://pbs.twimg.com/ext_tw_video_thumb/1465831764652400640/pu/img/emSpeVnPE9DOH9Op.jpg,,,,,,,[],,,,
1465831716598083585,1465831716598083585,2021-11-30 18:54:49 EST,2021-11-30,18:54:49,-0400,30325257,thecryptolark,Lark Davis,,"Fidelity launching a spot #bitcoin ETF in Canada.   Lol, Canada gets yet another spot ETF, and USA investors still getting screwed by Goldman Gary with futures ETFs.    https://t.co/twQ5qODU2w",en,[],['https://seekingalpha.com/news/3775630-fidelity-launches-a-spot-bitcoin-etf-in-canada-not-waiting-for-the-sec-in-the-us'],[],66,101,594,['bitcoin'],[],https://twitter.com/TheCryptoLark/status/1465831716598083585,False,,0,,,,,,,,[],,,,
1465831602341257220,1465831602341257220,2021-11-30 18:54:22 EST,2021-11-30,18:54:22,-0400,2222629992,kittyplays,Kristen,,I set up a #bitcoin node on stream! Used @getumbrel  OS üòÅ  https://t.co/RGftkGcCA9,en,"[{'screen_name': 'getumbrel', 'name': 'umbrel ‚òÇÔ∏è', 'id': '1212297404268994562'}]",[],[],10,20,184,['bitcoin'],[],https://twitter.com/KittyPlays/status/1465831602341257220,False,,1,https://pbs.twimg.com/ext_tw_video_thumb/1465831047065657351/pu/img/xKKlEAwtZijqkXBw.jpg,,,,,,,[],,,,
1465831597781966857,1465831597781966857,2021-11-30 18:54:21 EST,2021-11-30,18:54:21,-0400,951570848384802818,chenriquezvale1,C√©sar Henr√≠quez,,"Quiere minimizar la marcha! hacer creer a sus mulas que el rechazo al fracasado proyecto bitcoin se difumin√≥, que las marchas fueron caprichos; un ¬°NO SALGAS A MARCHAR üëª! Se escucha en CAPRES , no pod√≠a faltar la marcha de fin de a√±o para  #DonCeroteNavide√±oüéÑ  #El12Marchamos",es,[],[],[],0,3,3,"['doncerotenavide√±o', 'el12marchamos']",[],https://twitter.com/chenriquezvale1/status/1465831597781966857,False,,0,,,,,,,,[],,,,
1465831447126691840,1465824129316114438,2021-11-30 18:53:45 EST,2021-11-30,18:53:45,-0400,30699048,billym2k,Shibetoshi Nakamoto,,"@ProTheDoge I like when people ask me advice considering I sold bitcoin at $400 bucks like, y‚Äôall think I know anything? I‚Äôm a moron!",en,[],[],[],21,3,94,[],[],https://twitter.com/BillyM2k/status/1465831447126691840,False,,0,,,,,,,,"[{'screen_name': 'ProTheDoge', 'name': 'SlumDOGE Millionaire', 'id': '1358176095850229761'}]",,,,
1465831388406558722,1465831278335438848,2021-11-30 18:53:31 EST,2021-11-30,18:53:31,-0400,1446627570271801346,botborgs,Botborgs,,"@ksicrypto SELL YOUR BITCOIN, HE JUST CALLED THE TOP AGAIN",en,[],[],[],0,1,13,[],[],https://twitter.com/Botborgs/status/1465831388406558722,False,,0,,,,,,,,"[{'screen_name': 'ksicrypto', 'name': 'KSICRYPTO', 'id': '1373240119189241857'}]",,,,
1465831296731516928,1465831296731516928,2021-11-30 18:53:09 EST,2021-11-30,18:53:09,-0400,1363045595389202432,thaicrypto1,Thaicrypto,,Binance ‡∏°‡∏µ‡∏Ç‡∏≠‡∏á‡πÅ‡∏à‡∏Å 1. ‡πÄ‡∏Ç‡πâ‡∏≤‡πÅ‡∏≠‡∏õ‡πÉ‡∏ä‡πâ‡∏ô‡∏¥‡πâ‡∏ß‡πÄ‡∏•‡∏∑‡πà‡∏≠‡∏ô‡πÜ‡∏à‡∏≠‡∏•‡∏á‡∏î‡πâ‡∏≤‡∏ô‡∏•‡πà‡∏≤‡∏á**‡∏à‡∏∞‡πÄ‡∏õ‡πá‡∏ô‡∏´‡∏ô‡πâ‡∏≤‡∏à‡∏≠ Marketplace 2. ‡πÄ‡∏•‡∏∑‡∏≠‡∏Å Mobox Games(‡∏≠‡∏¢‡∏π‡πà‡∏•‡πà‡∏≤‡∏á‡πÜ) 3. ‡∏Å‡∏î Login ‡∏£‡∏≠‡∏à‡∏ô‡πÄ‡∏Ç‡πâ‡∏≤‡∏´‡∏ô‡πâ‡∏≤ mobox game 4. ‡πÄ‡∏™‡∏£‡πá‡∏à‡πÅ‡∏•‡πâ‡∏ß‡∏à‡∏∞‡πÑ‡∏î‡πâ 1 ‡∏™‡∏¥‡∏ó‡∏ò‡∏¥‡πå‡πÄ‡∏õ‡∏¥‡∏î‡∏Å‡∏•‡πà‡∏≠‡∏á (‡∏ñ‡πâ‡∏≤‡πÇ‡∏ä‡∏Ñ‡∏î‡∏µ‡πÑ‡∏î‡πâ‡∏ï‡∏±‡∏ß‡∏•‡∏∞‡∏î‡∏±‡∏ö epic legend ‡πÄ‡∏´‡πá‡∏ô‡∏ß‡πà‡∏≤‡∏£‡∏≤‡∏Ñ‡∏≤‡∏´‡∏•‡∏±‡∏Å‡πÅ‡∏™‡∏ô‡πÄ‡∏•‡∏¢‡∏Ñ‡∏£‡∏±‡∏ö) . #Bitcoin #dogecoin #bitkub #BNB  https://t.co/mgPrLjRzsK,th,[],[],"['https://pbs.twimg.com/media/FFetfnWUUAEP6FC.jpg', 'https://pbs.twimg.com/media/FFethOcUUAE2XZg.jpg', 'https://pbs.twimg.com/media/FFetiD2VEAEy-Ka.jpg', 'https://pbs.twimg.com/media/FFetipsUcAIYwDF.jpg']",6,52,66,"['bitcoin', 'dogecoin', 'bitkub', 'bnb']",[],https://twitter.com/Thaicrypto1/status/1465831296731516928,False,,1,https://pbs.twimg.com/media/FFetfnWUUAEP6FC.jpg,,,,,,,[],,,,
1465831293665656834,1465831293665656834,2021-11-30 18:53:08 EST,2021-11-30,18:53:08,-0400,1289723796845408256,precodobitcoin,pre√ßo do bitcoin üöÄ,,"R$ 320.982,00 $ 57.068,00 ‚Ç¨ 50.365,00  varia√ß√£o 24 horas: -1,38%  #bitcoin",pt,[],[],[],1,1,5,['bitcoin'],[],https://twitter.com/precodobitcoin/status/1465831293665656834,False,,0,,,,,,,,[],,,,
1465831278335438848,1465831278335438848,2021-11-30 18:53:05 EST,2021-11-30,18:53:05,-0400,1373240119189241857,ksicrypto,KSICRYPTO,,Bitcoin dominance  https://t.co/uTWQq3GUz0,ht,[],[],['https://pbs.twimg.com/tweet_video_thumb/FFetxmfXwBE_5wB.jpg'],92,24,644,[],[],https://twitter.com/ksicrypto/status/1465831278335438848,False,,1,https://pbs.twimg.com/tweet_video_thumb/FFetxmfXwBE_5wB.jpg,,,,,,,[],,,,
1465831112228454402,1465831112228454402,2021-11-30 18:52:25 EST,2021-11-30,18:52:25,-0400,1056072259058745344,udemewilliam1,Udy üî∂ Highs,,#Bitcoin ends November in a red. How big will December be for #Bitcoin?,en,[],[],[],3,1,15,"['bitcoin', 'bitcoin']",[],https://twitter.com/UdemeWilliam1/status/1465831112228454402,False,,0,,,,,,,,[],,,,
1465831089381859334,1465831089381859334,2021-11-30 18:52:20 EST,2021-11-30,18:52:20,-0400,1396065808648851457,defichainadvoc,DeFiChain Advocate,,My favourite coin is $DFI from @defichain   Here are my reasons why üëÄ  üïì Long-term outlook üéØ Huge total addressable market üîí Built on #Bitcoin ‚úÖ Transparent üí∞ Staking &amp; liquidity mining ü´Ç Amazing community  What's yours?,en,"[{'screen_name': 'defichain', 'name': 'defichain', 'id': '1122081544930127872'}]",[],[],2,7,10,['bitcoin'],['dfi'],https://twitter.com/DeFiChainAdvoc/status/1465831089381859334,False,,0,,,,,,,,[],,,,
1465831012391391233,1465831012391391233,2021-11-30 18:52:01 EST,2021-11-30,18:52:01,-0400,2207129125,cointelegraph,Cointelegraph,,The intersection of crypto and politicians is coming. A candidate for Congress is accepting contributions in Bitcoin.  https://t.co/FlTOYL2D3n,en,[],['https://buff.ly/3I4luWK'],[],29,14,63,[],[],https://twitter.com/Cointelegraph/status/1465831012391391233,False,,0,,,,,,,,[],,,,
1465830800843317249,1465830122116767748,2021-11-30 18:51:11 EST,2021-11-30,18:51:11,-0400,395743263,mannysanfilippo,Manny Sanfilippo,,"#Solana/#Bitcoin looks like its closing consolidation period, yearly trend line has held strong so may get a bounce to the black ascending line soon #SOL  https://t.co/QrX6IvVrH6",en,[],[],['https://pbs.twimg.com/media/FFetWB1WQAk2H65.jpg'],1,1,1,"['solana', 'bitcoin', 'sol']",[],https://twitter.com/MannySanfilippo/status/1465830800843317249,False,,1,https://pbs.twimg.com/media/FFetWB1WQAk2H65.jpg,,,,,,,[],,,,
1465830721528938497,1465830721528938497,2021-11-30 18:50:52 EST,2021-11-30,18:50:52,-0400,1436090670050066440,lizaflux,Liza (LOVE FLUX= WEB 3.0)(ZELCORE),,THE GAME BEGINS!!! üòçüòçüòç $Flux / @RunOnFlux  embarks on an incredible adventure on #web3. It's going to be very hot üî•üî•üî• #Web3 #30in30 #Flux #blockchain #crypto #bitcoin #tech #technology #cloud #CloudComputing #FluxNodes #mining #build $Flux  https://t.co/MQdJ8CbAkb,en,"[{'screen_name': 'runonflux', 'name': 'web3-decentralized computing', 'id': '956929025645035522'}]",[],[],4,39,101,"['web3', 'web3', '30in30', 'flux', 'blockchain', 'crypto', 'bitcoin', 'tech', 'technology', 'cloud', 'cloudcomputing', 'fluxnodes', 'mining', 'build']","['flux', 'flux']",https://twitter.com/LizaFlux/status/1465830721528938497,False,,1,https://pbs.twimg.com/ext_tw_video_thumb/1465829796068405248/pu/img/hKkVQ7k-vNCP0dPF.jpg,,,,,,,[],,,,
1465830658975010818,1465830658975010818,2021-11-30 18:50:37 EST,2021-11-30,18:50:37,-0400,1361007944297406465,gvictoriab,g–ΩŒ±zŒ±‚Ñì—î–Ω ŒΩictoria,,"If you don‚Äôt like when your mobile provider throttles your usage, how do you feel about central banks doing it?   If you don‚Äôt like it, stop supporting fiat, support #bitcoin.",en,[],[],[],7,1,49,['bitcoin'],[],https://twitter.com/GVictoriaB/status/1465830658975010818,False,,0,,,,,,,,[],,,,
1465830577433677825,1465830577433677825,2021-11-30 18:50:18 EST,2021-11-30,18:50:18,-0400,1164501304498110464,wealthy_crypto,CryptoWealthy,,What Apollo Currency (APL) Deep Analysis is Telling Us about The Future ...  https://t.co/giYaA8MUPu #bitcoin #btc #crypto,en,[],['https://youtu.be/Bz1UqAtYM3Q'],[],1,5,9,"['bitcoin', 'btc', 'crypto']",[],https://twitter.com/wealthy_crypto/status/1465830577433677825,False,,0,,,,,,,,[],,,,
1465830444717457410,1465830444717457410,2021-11-30 18:49:46 EST,2021-11-30,18:49:46,-0400,231891059,jarmonteagudo,Jorge Monteagudo üá∏üáªüáµüá¶,,"La Oposici√≥n Pol√≠tica ahora est√° a favor del #Bitcoin  Casualidad que se ROBAN 10mil tel√©fonos celulares, verdad @juliolivo2018 @CarpioWellman  Eso equivale a $300mil d√≥lares activando la @chivowallet verdad @EugenioChicas Me extra√±a que siendo ara√±a, no se sepa usted esa ma√±a üòâ",es,"[{'screen_name': 'juliolivo2018', 'name': 'julio olivo', 'id': '3078472595'}, {'screen_name': 'carpiowellman', 'name': 'guillermo wellman carpio', 'id': '1360390276724973572'}, {'screen_name': 'chivowallet', 'name': 'chivo', 'id': '1406704923388096515'}, {'screen_name': 'eugeniochicas', 'name': 'eugenio chicas', 'id': '473439226'}]",[],[],3,5,8,['bitcoin'],[],https://twitter.com/jarmonteagudo/status/1465830444717457410,False,,0,,,,,,,,[],,,,
1465830366938218497,1465736825880788996,2021-11-30 18:49:27 EST,2021-11-30,18:49:27,-0400,2823757884,bitcoinpeach,Peachüçë‚Çøitcoin‚ö°Ô∏è‚ò£Ô∏è,,@bitcoin_lupin ÏßÑÏßú Ïù¥Ìï¥ÏïàÎêòÎÑ§Ïöî„Öé„Öé„Öé„Öé Î≥∏Ïù∏Ïù¥ Ïó¥Ïã¨Ìûà ÏùºÌï¥ÏÑú Î≤àÎèàÏù∏Îç∞ ÏÉÅÎã¥ Í∞ÄÍ≤©ÎèÑ ÎπÑÏã∏Îã§Í≥† Î™®ÎëêÍ∞Ä Ïù¥Ïö©Ìï†ÏàòÏûàÎäî Í∞ÄÍ≤©ÏúºÎ°ú ÎÇÆÏ∂îÎùºÎäîÍ≤ÉÎèÑ Ïù¥Ìï¥Î∂àÍ∞ÄÏûÖÎãàÎã§,ko,[],[],[],1,3,29,[],[],https://twitter.com/bitcoinpeach/status/1465830366938218497,False,,0,,,,,,,,"[{'screen_name': 'bitcoin_lupin', 'name': 'ÏΩîÏù∏Î£®Ìå°', 'id': '1292012875330883584'}]",,,,
1465830355689222153,1465830355689222153,2021-11-30 18:49:25 EST,2021-11-30,18:49:25,-0400,2281314234,bitcoinagile,BitcoinAgile,,BTC long term trend - Climbing the adoption curve to break out for BITSTAMP:BTCUSD by Kon-v #Bitcoin $BTC  https://t.co/A4aTsjA1eV  https://t.co/sHXZhLglJp,en,[],['https://www.tradingview.com/chart/BTCUSD/DnEuj2Eu-BTC-long-term-trend-Climbing-the-adoption-curve-to-break-out/?offer_id=10&aff_id=5962'],['https://pbs.twimg.com/media/FFes8NGX0AAgdT8.jpg'],0,1,1,['bitcoin'],['btc'],https://twitter.com/bitcoinagile/status/1465830355689222153,False,,1,https://pbs.twimg.com/media/FFes8NGX0AAgdT8.jpg,,,,,,,[],,,,
1465830347686518785,1465830347686518785,2021-11-30 18:49:23 EST,2021-11-30,18:49:23,-0400,379217753,1947partition,The 1947 Partition Archive,,"A soulful catalog for you.  There's a sale today on Love, Empathy, Knowledge and Stories. Buy links:  Global:  https://t.co/YPREgMuzmp  India Only:  https://t.co/Wol5JImBN3  Crypto:  https://t.co/1rgc0ptxLH  #GivingTuesday2021 #CryptoGivingTuesday #Bitcoin #oralhistory  https://t.co/VTFq81FRHN",en,[],"['https://www.paypal.com/donate?hosted_button_id=2DYFNKLN97HZU', 'https://pages.razorpay.com/1947pa-GivingSeason', 'https://bitpay.com/195989/donate']","['https://pbs.twimg.com/media/FFeskPpXsAMNnI4.jpg', 'https://pbs.twimg.com/media/FFeskPqXEAM_B-T.jpg', 'https://pbs.twimg.com/media/FFeskRJWYAke4nr.jpg', 'https://pbs.twimg.com/media/FFeskS7XsAQQ-QV.jpg']",1,3,14,"['givingtuesday2021', 'cryptogivingtuesday', 'bitcoin', 'oralhistory']",[],https://twitter.com/1947Partition/status/1465830347686518785,False,,1,https://pbs.twimg.com/media/FFeskPpXsAMNnI4.jpg,,,,,,,[],,,,
1465830299917500418,1465830122116767748,2021-11-30 18:49:11 EST,2021-11-30,18:49:11,-0400,395743263,mannysanfilippo,Manny Sanfilippo,,#Ethereum/#Bitcoin breakout #Eth #ETHBTC  https://t.co/Sqr85tkwCY,en,[],[],['https://pbs.twimg.com/media/FFes4zPX0AwoiTr.jpg'],1,2,4,"['ethereum', 'bitcoin', 'eth', 'ethbtc']",[],https://twitter.com/MannySanfilippo/status/1465830299917500418,False,,1,https://pbs.twimg.com/media/FFes4zPX0AwoiTr.jpg,,,,,,,[],,,,
1465830290626998275,1465830290626998275,2021-11-30 18:49:09 EST,2021-11-30,18:49:09,-0400,1308105121302294528,honesthodl,Uncle Jim,,Fire in the playhouse‚Ä¶the Erithrium heads started burning their mETH.   This is why you buy #bitcoin kids.  https://t.co/qvEdlhjbDP,en,[],[],[],0,1,4,['bitcoin'],[],https://twitter.com/honesthodl/status/1465830290626998275,False,,1,https://pbs.twimg.com/ext_tw_video_thumb/1465830166127546371/pu/img/R6-3fbiZZBmDJEMS.jpg,,,,,,,[],,,,
